{
  "MLP": {
    "test_accuracy": 0.7400275103163686,
    "test_f1_macro": 0.6812279568219042
  },
  "RNN": {
    "test_accuracy": 0.6988,
    "test_f1_macro": 0.6812
  },
  "LSTM": {
    "test_accuracy": 0.7689133425034388,
    "test_f1_macro": 0.7458404310691557
  },
  "GRU": {
    "test_accuracy": 0.7634,
    "test_f1_macro": 0.733
  },
  "BERT": {
    "test_accuracy": 0.8171,
    "test_f1_macro": 0.8033
  },
  "GPT": {
    "test_accuracy": 0.8033,
    "test_f1_macro": 0.7815
  }
}