{
  "train_loss": [
    1.0428390542257517,
    0.9181535124472296,
    0.8420363416402077,
    0.832414357705104,
    0.7764360428503396,
    0.7016926750187464,
    0.682818579660147,
    0.6116506598806831,
    0.560232173456733,
    0.53077192772664,
    0.46736546458771694,
    0.3985871383800605,
    0.371371272103305,
    0.34124858381577267,
    0.3063876415126428,
    0.2898716733936445,
    0.2248196443492295,
    0.18892656287544968,
    0.15269360079897434,
    0.1390086737693088,
    0.12323913127992603,
    0.11248703326916089,
    0.09293745243185011,
    0.07035181411163989,
    0.06398352830474188,
    0.04870362817481377,
    0.04196935853000727,
    0.04036869439441403,
    0.04475544242816665,
    0.04017040623694161,
    0.031501807368200054,
    0.02619832629945488,
    0.02174306620456123,
    0.01707789131582009
  ],
  "val_loss": [
    0.9763622260788112,
    0.8666943913524591,
    0.8577770372810487,
    0.8122058917789398,
    0.7795749680895636,
    0.7663363872222531,
    0.7711374109616943,
    0.7033387314540283,
    0.702435054439557,
    0.5928544060697833,
    0.5995893949058063,
    0.6352182910280321,
    0.7112355398128719,
    0.790192963621763,
    0.8074579049854217,
    0.7288715949336302,
    0.8465101313822477,
    0.8874102927334486,
    1.0892009845057737,
    1.1209449980251225,
    1.185847120377624,
    1.1749709690273,
    1.0355212063465304,
    1.29344033346207,
    1.494262010148428,
    1.4725985388153966,
    1.6130668383971773,
    1.6068425803508573,
    1.736706615265905,
    1.543157470264867,
    1.5813492243343958,
    1.7485785549898363,
    1.7397532455357918,
    1.7855549626365834
  ],
  "train_acc": [
    0.5067123678948872,
    0.5924021708083405,
    0.6149671522422165,
    0.5906883747500714,
    0.6666666666666666,
    0.6820908311910883,
    0.6792345044273065,
    0.7232219365895458,
    0.7589260211368181,
    0.7643530419880035,
    0.7897743501856612,
    0.8151956583833191,
    0.8400457012282205,
    0.8511853756069694,
    0.8688946015424165,
    0.8831762353613254,
    0.8977435018566124,
    0.9191659525849757,
    0.9305912596401028,
    0.940588403313339,
    0.9440159954298771,
    0.9505855469865753,
    0.9634390174235933,
    0.9714367323621822,
    0.9762924878606113,
    0.9808626106826621,
    0.9851471008283348,
    0.9834333047700657,
    0.9842902027992002,
    0.9842902027992002,
    0.9882890602684947,
    0.9911453870322765,
    0.9917166523850328,
    0.9937160811196801
  ],
  "val_acc": [
    0.5631067961165048,
    0.6148867313915858,
    0.587378640776699,
    0.6601941747572816,
    0.6245954692556634,
    0.6666666666666666,
    0.5906148867313916,
    0.7135922330097088,
    0.6796116504854369,
    0.7022653721682848,
    0.7491909385113269,
    0.7394822006472492,
    0.7847896440129449,
    0.7605177993527508,
    0.7799352750809061,
    0.7750809061488673,
    0.7944983818770227,
    0.7766990291262136,
    0.7815533980582524,
    0.7831715210355987,
    0.7605177993527508,
    0.7637540453074434,
    0.7766990291262136,
    0.7799352750809061,
    0.7912621359223301,
    0.7928802588996764,
    0.7928802588996764,
    0.7880258899676376,
    0.7847896440129449,
    0.7864077669902912,
    0.7831715210355987,
    0.7783171521035599,
    0.7847896440129449,
    0.7750809061488673
  ],
  "train_f1": [
    0.3917373260556966,
    0.4282342058341604,
    0.498815249234007,
    0.5234728414408961,
    0.5879674920935892,
    0.6355845125081689,
    0.6437491525295108,
    0.6986707894031117,
    0.7366844413363637,
    0.7456163521862589,
    0.773019142123904,
    0.8007306983535262,
    0.8288333629804078,
    0.8379090482245354,
    0.8610144436950659,
    0.8709684784824674,
    0.8916752349823166,
    0.9142387331827674,
    0.9260663205153747,
    0.9358172968733843,
    0.94143252234233,
    0.9464555952615322,
    0.9601790284126036,
    0.9656369346942494,
    0.9725145033117647,
    0.9776880896871054,
    0.9818109551883226,
    0.9798930091626917,
    0.9806737084616225,
    0.9801599692592919,
    0.9854189768208972,
    0.9885736413123528,
    0.9892643449542936,
    0.991144007196603
  ],
  "val_f1": [
    0.38346527963567173,
    0.45072724633858346,
    0.497454137514576,
    0.5060193936669153,
    0.5684253687302397,
    0.5925930264522498,
    0.5965978676635827,
    0.6548205304305837,
    0.6571691848728619,
    0.6948658599229276,
    0.727997160090033,
    0.7147312763970817,
    0.7462490800070417,
    0.7371610984048053,
    0.7454755826958536,
    0.7425855190561074,
    0.754369393952115,
    0.7475080505109566,
    0.7531815467897943,
    0.7577948369560296,
    0.7432806726600912,
    0.7405777096247171,
    0.7531536455154256,
    0.7528361726727179,
    0.7518844801290413,
    0.7586872361018049,
    0.7637935124236495,
    0.7604977886254701,
    0.753861958703269,
    0.7600737131349377,
    0.7592517457439545,
    0.7470825150053714,
    0.7559066688391539,
    0.7465973380674716
  ]
}