{
  "train_loss": [
    1.067544618084648,
    1.0018963932956977,
    0.9490338946471586,
    0.8954454618363815,
    0.8611201031383056,
    0.8303761739146536,
    0.7898350807640492,
    0.7532479762179755,
    0.7348687265880174,
    0.7097304346765051,
    0.6892698906006659,
    0.6756617835983826,
    0.6633368740079063,
    0.6550642433966,
    0.6425477931309482,
    0.6121998269263079,
    0.5971608753546208,
    0.5905839489617031,
    0.5838437858086863,
    0.5710260086453189,
    0.5737765964457935,
    0.556190417974685,
    0.5561648780398626,
    0.5576975016347411,
    0.5519170029712929,
    0.5507713266097964,
    0.5492809436144879,
    0.5466939974124008,
    0.5462083964816369,
    0.5491235201970335
  ],
  "val_loss": [
    1.0585457896723331,
    0.9986631733314119,
    0.9206026547549226,
    0.882510426746603,
    0.8435041262108145,
    0.7964524480131452,
    0.7650544705128592,
    0.786126537037513,
    0.7092022095297532,
    0.7494298046075024,
    0.686906232802999,
    0.6920868542202082,
    0.7160541075718827,
    0.6828889804364794,
    0.6623290759845845,
    0.6762744753491917,
    0.6676421572475372,
    0.703490931432224,
    0.6598789933044162,
    0.6643513969618912,
    0.6617614524649956,
    0.6596491464133402,
    0.6648295818794893,
    0.6642677045177102,
    0.660036065238965,
    0.6630820716854824,
    0.6611707822018843,
    0.6621575901423458,
    0.6599833234228363,
    0.6598894810213626
  ],
  "train_acc": [
    0.48357612110825476,
    0.5287060839760068,
    0.5666952299343044,
    0.5838331905169951,
    0.602970579834333,
    0.618966009711511,
    0.6258211939445872,
    0.6529562982005142,
    0.6689517280776921,
    0.6718080548414739,
    0.6829477292202228,
    0.6858040559840046,
    0.6978006283918881,
    0.7066552413596116,
    0.707512139388746,
    0.7246500999714367,
    0.7337903456155385,
    0.7340759782919166,
    0.7369323050556984,
    0.7386461011139674,
    0.7440731219651529,
    0.7489288774635818,
    0.7552127963439017,
    0.7469294487289346,
    0.7557840616966581,
    0.7503570408454727,
    0.7512139388746073,
    0.7583547557840618,
    0.7469294487289346,
    0.7557840616966581
  ],
  "val_acc": [
    0.4174757281553398,
    0.6067961165048543,
    0.5841423948220065,
    0.6699029126213593,
    0.6715210355987055,
    0.6245954692556634,
    0.656957928802589,
    0.6132686084142395,
    0.6941747572815534,
    0.6051779935275081,
    0.7216828478964401,
    0.7394822006472492,
    0.6682847896440129,
    0.7006472491909385,
    0.6941747572815534,
    0.6731391585760518,
    0.7022653721682848,
    0.656957928802589,
    0.6941747572815534,
    0.6893203883495146,
    0.7022653721682848,
    0.6941747572815534,
    0.6844660194174758,
    0.686084142394822,
    0.6812297734627831,
    0.6844660194174758,
    0.6957928802588996,
    0.6941747572815534,
    0.6974110032362459,
    0.6974110032362459
  ],
  "train_f1": [
    0.40646763694807403,
    0.4062649287791696,
    0.4745125572532339,
    0.49243428594954325,
    0.5395464732052205,
    0.5517993485510699,
    0.5740685969489413,
    0.6015348263654055,
    0.6214642118801187,
    0.6313139200375663,
    0.6402771155914011,
    0.6436052199423664,
    0.6571377100028777,
    0.6674841805220492,
    0.6693867715978032,
    0.6863820824564962,
    0.703316925027966,
    0.6981495504676993,
    0.7047677547635086,
    0.7045879945066655,
    0.7111398327470501,
    0.7190761717418083,
    0.7228589746326377,
    0.714380797932729,
    0.726270052338592,
    0.7212156827414876,
    0.7191099252096671,
    0.7278495417476645,
    0.7175827771872392,
    0.7243917756154784
  ],
  "val_f1": [
    0.34597272330925194,
    0.48434232333593896,
    0.4480424301407328,
    0.5801136554624843,
    0.5711738353692851,
    0.5677269687523155,
    0.5980025305330593,
    0.5393765729346254,
    0.66157525955225,
    0.5806340704352705,
    0.6758472996046078,
    0.6869156810883141,
    0.6422530339470222,
    0.65578231292517,
    0.6578138374736532,
    0.6387809037709636,
    0.6598004204894637,
    0.6127046888056971,
    0.6558159726984426,
    0.6501710089119609,
    0.6638268988861417,
    0.6550999506460733,
    0.6491142593793556,
    0.6492007182679892,
    0.6456934804869724,
    0.6479096660914844,
    0.655228480629334,
    0.6527197875058731,
    0.6581698057437811,
    0.6582472065299955
  ]
}