{
  "model": "MLP",
  "seed": 42,
  "epochs_ran": 30,
  "best_val_f1": 0.6869156810883141,
  "test_loss": 0.7191950102455842,
  "test_accuracy": 0.7400275103163686,
  "test_f1_macro": 0.6812279568219042,
  "test_f1_weighted": 0.7382070856899158,
  "per_class_f1": {
    "negative": 0.6161616161616161,
    "neutral": 0.8306636155606407,
    "positive": 0.5968586387434555
  }
}